Company,Sector,Dubai_HQ,Website,Clean_Phones,Emails,Instagram,Link_Creative,Link_Brand,Link_Marketing
Almarai,Media/FMCG,hidubai.comOnly include results for this siteRedo search without this siteBlock this site from all resultsShare feedback about this siteHiDubaihttps:/...,https://www.almarai.com/en,,,,,,
Nando's UAE,Media/FMCG,nandos.aeOnly include results for this siteRedo search without this siteBlock this site from all resultsShare feedback about this siteNando's UAEhttps...,https://www.nandos.ae/,,,,,,
Dominos UAE,Media/FMCG,maps.urbi.aeOnly include results for this siteRedo search without this siteBlock this site from all resultsShare feedback about this sitemaps.urbi.aeh...,https://www.dominos.ae/,,,,,,
Hunter Foods,Media/FMCG,hunterfoods.comOnly include results for this siteRedo search without this siteBlock this site from all resultsShare feedback about this sitehunterfood...,https://www.hunterfoods.com/,,,,,,
Samsung Gulf,Media/FMCG,samsung.comOnly include results for this siteRedo search without this siteBlock this site from all resultsShare feedback about this siteSamsunghttps:/...,https://www.samsung.com/ae/,+971 56 981 0849,,,,,
Virgin Mobile UAE,Media/FMCG,2gis.aeOnly include results for this siteRedo search without this siteBlock this site from all resultsShare feedback about this site2GIShttps://2gis.a...,https://www.virginmobile.ae/,,,,,,
Noon,Media/FMCG,bestthings.aeOnly include results for this siteRedo search without this siteBlock this site from all resultsShare feedback about this sitebestthings.a...,"noon Online Shopping UAE - Electronics, Mobiles, Fashion, Appliances & More",+971 6 577 6473,,,,,
Dubai Design District (d3),Media/FMCG,2gis.aeOnly include results for this siteRedo search without this siteBlock this site from all resultsShare feedback about this site2GIShttps://2gis.a...,"Design, Art & Fashion Hub in Dubai | Dubai Design District","+971 2 144 3889, +971 2 759 3832, +971 3 460 2076, +971 4 593 0665, +971 2 663 5012, +971 7 019 0816, +971 2 415 4589, +971 7 110 2396, +971 3 438 4362",,,,,
Global Village,Media/FMCG,"trip.comReport AdTrip.comhttps://trip.comDubai Global Village Entry Ticket AdGet up to 50% off tickets for global attractions on Trip.com, safely and ...",Global Village Dubai | Official Website,,,,,,
Ounass,Luxury/Design,dubailocal.aeOnly include results for this siteRedo search without this siteBlock this site from all resultsShare feedback about this sitedubailocal.a...,https://www.ounass.ae/,+971 4 422 3100,"rawaqar@altayer.com, customercare@ounass.com",,https://www.linkedin.com/search/results/people/?keywords=(Creative%20Director%20OR%20Art%20Director)%20Ounass%20Dubai,https://www.linkedin.com/search/results/people/?keywords=Head%20of%20Visual%20Ounass%20Dubai,
Atlantis The Royal,Luxury/Design,viator.comReport AdViatorhttps://www.viator.com › Aquaventure › Water-ParkAtlantis Dubai - Atlantis Palm Hotel 2026 Tours AdBook Top Rated Aquaventure...,https://duckduckgo.com/y.js?ad_domain=getyourguide.com&ad_provider=bingv7aa&ad_type=txad&click_metadata=H0AnmqrtiF4qEgKz%2DNPABYBOBr7HR5UDKB1aKU8B9MTgOkzmTEM4nXxJxpfMZyJkw_obUDJwsV4dVNM3JuPz4xFSH%2DTo0mYUTihw2NqyGmC6VhSAmpLYRL8NoXAM5BMHMyc1BRjB%2Dp8prlMgOwA10w.rJQcAXuKB%2DlFdkduGeS7OQ&eddgt=m8jjGOIvlGYtnaj99TYg0w%3D%3D&rut=6f9c207109f55484e6b63c23be830317584559c9f057533dd6f9f18766eae7c6&u3=https%3A%2F%2Fwww.bing.com%2Faclick%3Fld%3De8tMTCBZzfdKnDvhyh4u5AODVUCUwENoeNHA1eAIkISgY%2DX7l0OyCKex1R9DtdDDCHhdYJ3GHYtVpVDo4VL70nyi0SzZkwheBNYXSR7fuD5x%2Dk9Fo_7%2DVoWVCZRqD3JNWaY6dWZLuSpHZSxf45YvkMms7e7IY8civRfKxNUDjNSwE923Q07PQOq%2DjXbAjzhsJHGrgXb9kb3xUv2lT%2DKD5Qa7eAHwk%26u%3DaHR0cHMlM2ElMmYlMmZ3d3cuZ2V0eW91cmd1aWRlLmNvbSUyZi1sMTk4MTcxJTJmJTNmY21wJTNkYmluZyUyNmNtcCUzZGJpbmclMjZhZF9pZCUzZDc4MDY1NTQ0ODMxNjEyJTI2YWRncm91cF9pZCUzZDEyNDkwNDY1Njc0Nzg5MTglMjZiaWRfbWF0Y2hfdHlwZSUzZGJwJTI2Y2FtcGFpZ25faWQlM2Q3MTA4MTkxODElMjZkZXZpY2UlM2RjJTI2ZmVlZF9pdGVtX2lkJTNkJTI2a2V5d29yZCUzZGF0bGFudGlzJTI1MjB0aGUlMjUyMHJveWFsJTI1MjBib29raW5nJTI2bG9jX2ludGVyZXN0X21zJTNkMTU0NjQ1JTI2bG9jX3BoeXNpY2FsX21zJTNkMjYyNzI5JTI2bWF0Y2hfdHlwZSUzZHAlMjZtc2Nsa2lkJTNkZWI5OWJjZDRiOTAxMTE1OTQyOWFkNTlhN2U2YjI1NTklMjZuZXR3b3JrJTNkbyUyNnBhcnRuZXJfaWQlM2RDRDk1MSUyNnRhcmdldF9pZCUzZGt3ZC03ODA2NTc5ODg3NjY3MSUyNnV0bV9hZGdyb3VwJTNkbGMlMjUzRDE5ODE3MSUyNTNBYXRsYW50aXMlMjUyMHRoZSUyNTIwcm95YWwlMjU3Q2ZuJTI1M0RmNSUyNTdDY2klMjUzRDEwMTQlMjUzQXRpY2tldHMlMjZ1dG1fY2FtcGFpZ24lM2RkYyUyNTNENTYlMjUzQWFlJTI1N0NsYyUyNTNEMTk4MTcxJTI1M0FhdGxhbnRpcyUyNTIwdGhlJTI1MjByb3lhbCUyNTdDY3QlMjUzRGNvcmUlMjU3Q2xuJTI1M0QyOSUyNTNBZW4lMjU3Q3RjJTI1M0RhbGwlMjZ1dG1fa2V5d29yZCUzZGF0bGFudGlzJTI1MjB0aGUlMjUyMHJveWFsJTI1MjBib29raW5nJTI2dXRtX21lZGl1bSUzZHBhaWRfc2VhcmNoJTI2dXRtX3F1ZXJ5JTNkQXRsYW50aXMlMjUyMFRoZSUyNTIwUm95YWwlMjUyMG9mZmljaWFsJTI1MjB3ZWJzaXRlJTI1MjBEdWJhaSUyNnV0bV9zb3VyY2UlM2RiaW5n%26rlid%3Deb99bcd4b9011159429ad59a7e6b2559&vqd=4-241070002675116962717895618386453229793&iurl=%7B1%7DIG%3D349BC1D47569473AA4B01C1B73C4B289%26CID%3D2B4BBD333614693F1104ABFD37EC6880%26ID%3DDevEx%2C5046.1,"+971 2 144 3889, +971 9 302 2035, +971 2 759 3832, +971 3 460 2076, +971 2 663 5012, +971 4 593 0665, +971 7 019 0816, +971 2 415 4589, +971 7 110 2396, +971 3 438 4362",,,https://www.linkedin.com/search/results/people/?keywords=(Creative%20Director%20OR%20Art%20Director)%20Atlantis%20The%20Royal%20Dubai,https://www.linkedin.com/search/results/people/?keywords=Head%20of%20Visual%20Atlantis%20The%20Royal%20Dubai,
Museum of the Future,Luxury/Design,"321  Expand Map1. Futuready MediaAndheri EastMumbai, 4000592. Future GroupMakwana RoadAndheri East3. Futuready Media15, ChakalaAndheri EastShow MoreYo...",https://duckduckgo.com/y.js?ad_domain=viator.com&ad_provider=bingv7aa&ad_type=txad&click_metadata=T2dr_kaanUXOEtB5xLnHeBWwiQrUlI45hZuceYViv3XV1LpzUJ_0X9vdkmhUOCmSB4PX8xWhwSbkOQoRYJyRnf5g1g7dAJPDIVmVA8h7dtMPHVoj3qldyGSH7NOhgf49RV6bZ%2DihzIDaFMNW5xI89w.S%2D_4wRWr3yKunPP4w_dtoA&eddgt=v0M_L7Lu3tK82LVVmnJIJQ%3D%3D&rut=ff941667498c5924537d9adfd6ff72901370ac0e30df31300b2f42fb1e69f143&u3=https%3A%2F%2Fwww.bing.com%2Faclick%3Fld%3De8q8lPlJXEcUiQ3pKVWWFfJzVUCUw8x%2DSzCQ1oXqn6pmNLr2MnSQQ5a607wQQzckSd5EwWIQy6215QpuDBaIYdXGyoBBGToifTNxUd5%2Db4sW93oUEBx1x7NEyk1ep_ghXgpc_tAsPUN2Dw1whSrvlZIKlmi60tZrHA2e3ixT_%2DYOG0UbocpxPPs8ow18mHSUXaIvIhSsyt7pja6334W2L8VbioDbc%26u%3DaHR0cHMlM2ElMmYlMmZhZC5kb3VibGVjbGljay5uZXQlMmZzZWFyY2hhZHMlMmZsaW5rJTJmY2xpY2slM2ZsaWQlM2Q0MzcwMDA4MTg3NTIzMzIzOSUyNmRzX3Nfa3dnaWQlM2Q1ODcwMDAwODg4Mjk2NjI2OCUyNmRzX2FfY2lkJTNkNzA3NDgzMzcxNSUyNmRzX2FfY2FpZCUzZDIyNDc0NzAzOTI3JTI2ZHNfYV9hZ2lkJTNkMTgwOTc1NzIxMzIwJTI2ZHNfYV9saWQlM2Rrd2QtMzI2OTczNzE5NDY3JTI2JTI2ZHNfZV9hZGlkJTNkNzY5NjYwMTUyNTYxOTclMjZkc19lX3RhcmdldF9pZCUzZGt3ZC03Njk2NjI0MDYzNzEwMSUyNiUyNmRzX2VfbmV0d29yayUzZG8lMjZkc191cmxfdiUzZDIlMjZkc19kZXN0X3VybCUzZGh0dHBzJTNhJTJmJTJmd3d3LnZpYXRvci5jb20lMmZEdWJhaS10b3VycyUyZk11c2V1bS1UaWNrZXRzLWFuZC1QYXNzZXMlMmZkODI4LWc4LWMzMSUzZm0lM2QzMzk1MyUyNnN1cGFnJTNkMTIzMTQ1NDEwNDAwODU5OCUyNnN1cGNhJTNkNjc2OTk0NTQyJTI2c3Vwc2MlM2Rrd2QtNzY5NjYyNDA2MzcxMDElMjZzdXBhaSUzZDc2OTY2MDE1MjU2MTk3JTI2c3VwZHYlM2RjJTI2c3VwbnQlM2RudCUzYW8lMjZzdXBscCUzZDE1NDgyMCUyNnN1cGxpJTNkMTQzMTgzJTI2c3VwdGklM2Rrd2QtNzY5NjYyNDA2MzcxMDElMjZ0c2VtJTNkdHJ1ZSUyNnN1cGNpJTNka3dkLTc2OTY2MjQwNjM3MTAxJTI2c3Vwa3clM2RNdXNldW0lMjUyMG9mJTI1MjB0aGUlMjUyMEZ1dHVyZSUyNTIwb2ZmaWNpYWwlMjUyMHdlYnNpdGUlMjUyMER1YmFpJTI2Z2NsaWQlM2QxOWFkMzIzYzdiMzAxMzMxODNmMTViNzJiYzRlMzMwNCUyNmdjbHNyYyUzZDNwLmRzJTI2JTI2bXNjbGtpZCUzZDE5YWQzMjNjN2IzMDEzMzE4M2YxNWI3MmJjNGUzMzA0%26rlid%3D19ad323c7b30133183f15b72bc4e3304&vqd=4-60316889375860391398442214988016765677&iurl=%7B1%7DIG%3DC116C20FBB094FA1B0D9C5EBE6DA2A62%26CID%3D22D5E1B0601760292D74F77E617561A9%26ID%3DDevEx%2C5046.1,,,,https://www.linkedin.com/search/results/people/?keywords=(Creative%20Director%20OR%20Art%20Director)%20Museum%20of%20the%20Future%20Dubai,https://www.linkedin.com/search/results/people/?keywords=Head%20of%20Visual%20Museum%20of%20the%20Future%20Dubai,
Sole DXB,Luxury/Design,sole.digitalOnly include results for this siteRedo search without this siteBlock this site from all resultsShare feedback about this sitesole.digitalh...,https://duckduckgo.com/y.js?ad_domain=viator.com&ad_provider=bingv7aa&ad_type=txad&click_metadata=rMrWEMjLTARNonXY6Kkiby_dc4h4_RLS9gZthQy32xGRl44ymfLe1B65l4v4IGj7PYSCX%2DUzhiZFf9NpyCZKbkznQ1EnX_335P1o9Y4ZKlD9SM3CxlfAeKtZYKT5NjT9xTmTrLRZG6u4FyVK1kIidg.3ct5tt42ycqf1DCA7bwEXw&eddgt=XuPRmODXDV63Pa_UCTSJ7Q%3D%3D&rut=c49979043b6dbd495fb1faf1564f6f8cb8fcb86980b0538acd3bbdeec614c17e&u3=https%3A%2F%2Fwww.bing.com%2Faclick%3Fld%3De8DvO%2Df1eejpUJzQO6kJBgYjVUCUyDssoGEB8ExqGqJ_OCTCEnLMQRCGBnStwsmOvALkWKzu5f2_hbtzNEoYe55RYTVMFSUUcGpRxSl%2DkchNzQTJ5Dc3G7q6uvV9AzMDcfVow7dT%2DCwF7R3JD0CqTCJWDQiPI_vyyzF8oLyij2LofUOou_BeOh0Y0CUc23zzRdVlywY3eYHjQ8hVWeVOUkNI%2DpFX4EUPCab9k4arqpywvucubs_ePkaDjBZihSHSp%2DBFep09lAZkTOq9Box2%2DQdfI0ZGscgWBxlWIJ0sSkHwYTrzUJZoTPmJrIit4pUSrhP3L9R%2DxQJHC1jgLJxquovu2hpeXsYnepK0MUiH3oNGJiYlWPtib3fx_kdhIYxKZD7tewDvbhP%2Diw15wtiDWUnfPWN_FjRT9Zxe_n4GD%2DOXL4XyGR3vRJ8lX7LcGXOC03hUx5hJefWG0YAhxYjrcCpvSUyJoI47qTOrlBNO7mnum%2DleossT5web1g%2DkrGplY4rzqIhz9Mj2OnkVrJvDO1Od_a2D%2D0320ajdc6BjxVDkQF2sgQNiUpu6q7LWTuygLHsXaHAUlQiEZvpdNMAJK2TS0YmK3rLAeJ6%2Der25h1HJ4VJudVpM8HWS1ZuJHN2sj7gGMJTjSG__RXiVHPA%2D6572EcUjyKPkLQ%2DpEkEm%2DtnmFJkgnLQ8KrlwGV8hSi1SakfLvaqxnY7JnDyCoOmC86EXc4GC_F3zTIRcvLodXQmvN5_A14JOyud4Qk4jPdo7rwH_GOiA1M28VeRsHodOPY5RiHA_I%26u%3DaHR0cHMlM2ElMmYlMmZhZC5kb3VibGVjbGljay5uZXQlMmZzZWFyY2hhZHMlMmZsaW5rJTJmY2xpY2slM2ZsaWQlM2Q0MzcwMDA4MTg4NDUxMDAxNSUyNmRzX3Nfa3dnaWQlM2Q1ODcwMDAwODg4Mjk2NjI3NyUyNmRzX2FfY2lkJTNkNzA3NDgzMzcxNSUyNmRzX2FfY2FpZCUzZDIyNDc0NzAzOTI3JTI2ZHNfYV9hZ2lkJTNkMTgyMzQ3NTYzMzEwJTI2ZHNfYV9saWQlM2Rrd2QtMTM2OTgzNTUxJTI2JTI2ZHNfZV9hZGlkJTNkNzcxNzIxNzM4MTMwMTAlMjZkc19lX3RhcmdldF9pZCUzZGt3ZC03NzE3MjQwMDE2OTQ5OSUyNiUyNmRzX2VfbmV0d29yayUzZG8lMjZkc191cmxfdiUzZDIlMjZkc19kZXN0X3VybCUzZGh0dHBzJTNhJTJmJTJmd3d3LnZpYXRvci5jb20lMmZEdWJhaS10b3VyaXNtJTJmZDgyOC1yNDk5OTc0OTU0MTUtczIxMjA4MTUzMSUzZm0lM2QzMzk1MyUyNnN1cGFnJTNkMTIzNDc1MjYzOTAzNTU0NSUyNnN1cGNhJTNkNjc2OTk0NTQyJTI2c3Vwc2MlM2Rrd2QtNzcxNzI0MDAxNjk0OTklMjZzdXBhaSUzZDc3MTcyMTczODEzMDEwJTI2c3VwZHYlM2RjJTI2c3VwbnQlM2RudCUzYW8lMjZzdXBscCUzZDE1ODI5MSUyNnN1cGxpJTNkMTU0NjQ1JTI2c3VwdGklM2Rrd2QtNzcxNzI0MDAxNjk0OTklMjZ0c2VtJTNkdHJ1ZSUyNnN1cGNpJTNka3dkLTc3MTcyNDAwMTY5NDk5JTI2c3Vwa3clM2RTb2xlJTI1MjBEWEIlMjUyMG9mZmljaWFsJTI1MjB3ZWJzaXRlJTI1MjBEdWJhaSUyNmdjbGlkJTNkYzFjMDE4ZGU2NGE1MTNmYjZlZmQ3MTkwYTMzNjk4ZWQlMjZnY2xzcmMlM2QzcC5kcyUyNiUyNm1zY2xraWQlM2RjMWMwMThkZTY0YTUxM2ZiNmVmZDcxOTBhMzM2OThlZA%26rlid%3Dc1c018de64a513fb6efd7190a33698ed&vqd=4-329123769583404651245483508889926916686&iurl=%7B1%7DIG%3D79460211BEE4410AA6332F6A811BA3D1%26CID%3D040D95C3AC876E6B3A15830DADE56F78%26ID%3DDevEx%2C5046.1,,,,https://www.linkedin.com/search/results/people/?keywords=(Creative%20Director%20OR%20Art%20Director)%20Sole%20DXB%20Dubai,https://www.linkedin.com/search/results/people/?keywords=Head%20of%20Visual%20Sole%20DXB%20Dubai,
Matcha Club,Luxury/Design,matcha-club.aeOnly include results for this siteRedo search without this siteBlock this site from all resultsShare feedback about this siteMatcha Club...,https://matchaclubae.com/,"+971 50 460 1461, +971 4 548 8364, +971 50 584 1461",info@matcha-club.ae,,https://www.linkedin.com/search/results/people/?keywords=(Creative%20Director%20OR%20Art%20Director)%20Matcha%20Club%20Dubai,https://www.linkedin.com/search/results/people/?keywords=Head%20of%20Visual%20Matcha%20Club%20Dubai,
Alserkal Avenue,Luxury/Design,google.comOnly include results for this siteRedo search without this siteBlock this site from all resultsShare feedback about this siteGooglehttps://w...,https://alserkal.online/,,,,https://www.linkedin.com/search/results/people/?keywords=(Creative%20Director%20OR%20Art%20Director)%20Alserkal%20Avenue%20Dubai,https://www.linkedin.com/search/results/people/?keywords=Head%20of%20Visual%20Alserkal%20Avenue%20Dubai,
The Giving Movement,Luxury/Design,2gis.aeOnly include results for this siteRedo search without this siteBlock this site from all resultsShare feedback about this site2GIShttps://2gis.a...,https://thegivingmovement.com/,"+971 50 981 0588, +971 2 027 0148",team@thegivingmovement.com,,https://www.linkedin.com/search/results/people/?keywords=(Creative%20Director%20OR%20Art%20Director)%20The%20Giving%20Movement%20Dubai,https://www.linkedin.com/search/results/people/?keywords=Head%20of%20Visual%20The%20Giving%20Movement%20Dubai,
Level Shoes,Luxury/Design,contactout.comOnly include results for this siteRedo search without this siteBlock this site from all resultsShare feedback about this siteContactOuth...,https://www.levelshoes.com/,,"info@levelshoes.com, johndoe@domain.com, guestservices@levelshoes.com",,https://www.linkedin.com/search/results/people/?keywords=(Creative%20Director%20OR%20Art%20Director)%20Level%20Shoes%20Dubai,https://www.linkedin.com/search/results/people/?keywords=Head%20of%20Visual%20Level%20Shoes%20Dubai,
Huda Beauty,Luxury/Design,dnb.comOnly include results for this siteRedo search without this siteBlock this site from all resultsShare feedback about this siteDun & Bradstreetht...,https://duckduckgo.com/y.js?ad_domain=oneclearwinner.com&ad_provider=bingv7aa&ad_type=txad&click_metadata=QzhgmY0jlKguxo_7Po29koahhdkTeoJ2kH%2D4p4EhcFTXhQ6S0YYYuQCSlLZqGIFZjPLN3a1nXWGEk9lzA_EAJXLZ7SaHouEL6mA79miaxB3XwIZ1VS4IWMh3thUszomh_cEcG83OtTSQjVruMyGS3A.VRS7xOGmS1Jvhsee2Q0rrg&eddgt=BE8P6akfMMbC4R4nswGR%2DQ%3D%3D&rut=2f53310e8e4c058de5ee89f2fd489d7164a452eda978c775e75cf56a88ee4459&u3=https%3A%2F%2Fwww.bing.com%2Faclick%3Fld%3De8s%2DY5YQ4SNgoCLwhM3qcVjzVUCUwtubfLONEe272c8wSU0NBnpOn%2DYO_ZysVcWa7JbTdboDo05HtVVGxT9514OvP%2DzMEwVAioyZCpTC6bML5%2DFgCm8ZpRtHuK8rGEbvVpHIe6DTU1OEIZoA1V0lGsLzZPGzllta8YO3UW9rEvLciBiG77iFrwpkpelK6ULeBPYMZtm5fw4SQuwORK9JKI5jAxZaw%26u%3DaHR0cHMlM2ElMmYlMmZyZXZpZXdzLm9uZWNsZWFyd2lubmVyLmNvbSUyZnByb2R1Y3QlMmZodWRhLWJlYXV0eS1wYWxldHRlJTJmJTNmbXNjbGtpZCUzZDc1MzRkMDAyYWE1ZTEzMTFlYTgwYjk0YzZkYjEzNjlkJTI2dXRtX3NvdXJjZSUzZGJpbmclMjZ1dG1fbWVkaXVtJTNkY3BjJTI2dXRtX2NhbXBhaWduJTNkZ2VvJTI1M0FXVyUyNTIwJTI1N0MlMjUyMHNpdGUlMjUzQU9DV19zc3JfdDMlMjUyMCUyNTdDJTI1MjB0eXBlJTI1M0FLV3MlMjUyMCUyNTdDJTI1MjBjYXRlZ29yeSUyNTNBUG9zaXRpdmVST0kyJTI2dXRtX3Rlcm0lM2RodWRhJTI1MjBiZWF1dHklMjUyMHBhbGV0dGUlMjZ1dG1fY29udGVudCUzZEFkJTI1MjBncm91cCUyNTIwNA%26rlid%3D7534d002aa5e1311ea80b94c6db1369d&vqd=4-185631289105604849709869028876460553030&iurl=%7B1%7DIG%3D1956C7233D77452D9E205D74EF1F86BA%26CID%3D1EE434DEDD986A2D04E42210DCFA6BAF%26ID%3DDevEx%2C5046.1,,contact@oneclearwinner.com,,https://www.linkedin.com/search/results/people/?keywords=(Creative%20Director%20OR%20Art%20Director)%20Huda%20Beauty%20Dubai,https://www.linkedin.com/search/results/people/?keywords=Head%20of%20Visual%20Huda%20Beauty%20Dubai,
Amongst Few,Streetwear,zoominfo.comOnly include results for this siteRedo search without this siteBlock this site from all resultsShare feedback about this siteZoomInfohttps...,https://www.amongstfew.com/,,,https://www.instagram.com/amongstfew/,,,
Les Benjamins Dubai,Streetwear,lesbenjamins.aeOnly include results for this siteRedo search without this siteBlock this site from all resultsShare feedback about this sitelesbenjami...,https://lesbenjamins.ae/,,,,,,
Concepts Dubai,Streetwear,zoominfo.comOnly include results for this siteRedo search without this siteBlock this site from all resultsShare feedback about this siteZoomInfohttps...,https://cncpts.ae/?srsltid=AfmBOoo3eBKFu2hIXScgXgLleEHCVl-hp4GrhLKlawy-8INhP_PBSmVx,+971 50 980 3922,,https://www.instagram.com/cncptsdxb,,,
Break The Block,Street Culture,breaktheblock.meOnly include results for this siteRedo search without this siteBlock this site from all resultsShare feedback about this sitebreaktheb...,https://www.breaktheblock.me/,,user@domain.com,https://www.instagram.com/breaktheblock.me,,,
Soho Garden DXB,Nightlife,trip.comReport AdTrip.comhttps://trip.comSoho Garden Festival - Expo City Dubai Tickets AdGet up to 50% off tickets for global attractions on Trip.com...,https://sohogardendxb.com/,+971 56 793 3366,,,,,
Bla Bla Dubai,Nightlife,blabladubai.aeOnly include results for this siteRedo search without this siteBlock this site from all resultsShare feedback about this siteblabladubai...,https://blabladubai.ae/,"+971 4 584 4111, +971 7 797 1229, +971 58 606 3535, +971 7 797 1638, +971 7 633 1024, +971 7 797 1568, +971 4 630 1024, +971 7 633 1365, +971 7 633 1568","careers@blabladubai.ae, reserve@blabladubai.ae",https://www.instagram.com/blabladubai/,,,
Coca-Cola Arena,Events,coca-cola-arena.comOnly include results for this siteRedo search without this siteBlock this site from all resultsShare feedback about this siteCoca-C...,https://coca-cola-arena.com/,,,https://www.instagram.com/cocacolaarena,,,
Tabby,Fintech,clay.comOnly include results for this siteRedo search without this siteBlock this site from all resultsShare feedback about this siteClayhttps://www.c...,https://tabby.ai/en-AE/pay-later,8001110999,,https://instagram.com/tabbypay,,,
Deliveroo UAE,Tech/Food,2gis.aeOnly include results for this siteRedo search without this siteBlock this site from all resultsShare feedback about this site2GIShttps://2gis.a...,https://deliveroo.ae/,,hello@deliveroo.fr,https://instagram.com/deliveroo_ae,,,
Talabat,Tech/Food,corporate.talabat.comOnly include results for this siteRedo search without this siteBlock this site from all resultsShare feedback about this sitecorp...,https://www.talabat.com/uae/,,,https://instagram.com/Talabat,,,
Ellington Properties,Design Real Estate,ellingtonproperties.aeOnly include results for this siteRedo search without this siteBlock this site from all resultsShare feedback about this siteEll...,https://ellingtonproperties.ae/en,"+971 4 454 0823, +971 4 278 0888",,https://www.instagram.com/ellingtondubai/,,,
Omniyat,Design Real Estate,2gis.aeOnly include results for this siteRedo search without this siteBlock this site from all resultsShare feedback about this site2GIShttps://2gis.a...,https://www.omniyat.com/,,,https://www.instagram.com/omniyatofficial/,,,
Al Barari,Design Real Estate,albarari.comOnly include results for this siteRedo search without this siteBlock this site from all resultsShare feedback about this siteAl Bararihttp...,https://www.albarari.com/,"+971 56 821 8111, +971 50 645 3292, +971 4 746 9969, +971 56 179 2275, +971 58 297 5486","gatepass@albarari.ae, 18d2f96d279149989b95faf0a4b41882@sentry-next.wixpress.com, 605a7baede844d278b89dc95ae0a9123@sentry-next.wixpress.com, sales@albarari.ae, customerservice@albarari.community, marketing@albarari.ae, 5d1795a2db124a268f1e1bd88f503500@sentry.wixpress.com, 8eb368c655b84e029ed79ad7a5c1718e@sentry.wixpress.com, example@mysite.com",https://www.instagram.com/albarari_dubai/,,,
Kerzner International,Hospitality,kerzner.comOnly include results for this siteRedo search without this siteBlock this site from all resultsShare feedback about this siteKerzner Intern...,https://www.kerzner.com/,+971 4 524 4000,,,,,
